Workbook

Sheet Datos
A2: DEMANDA Y DIAS LABORABLES
B3: Enero | C3: Febrero | D3: Marzo | E3: Abril | F3: Mayo | G3: Junio | H3: Total
A4: Demanda prevista | B4: 1800 | C4: 1500 | D4: 1100 | E4: 900 | F4: 1100 | G4: 1600 | H4: =SUM(B4:G4) -> 8000
A5: Dias laborables | B5: 22 | C5: 19 | D5: 21 | E5: 21 | F5: 22 | G5: 20 | H5: =SUM(B5:G5) -> 125
A7: INVENTARIO
A8: Inventario Inicial | B8: 400 | C8: unidades
A9: Stock de seguridad | B9: 0.25 | C9: de la demanda actual
A11: COSTOS
A12: Materiales | B12: 100 | C12: $
A13: Mantenimiento de Inventario | B13: 1.5 | C13: $/unidad mes
A14: Rotura de Stock | B14: 5 | C14: $/unidad mes
A15: Subcontratación | B15: 20 | C15: $/unidad
A16: Contratación y entrenamiento | B16: 200 | C16: $/trabajador
A17: Despido | B17: 250 | C17: $/trabajador
A18: Horas necesarias por unidad | B18: 5 | C18: horas/unidad
A19: Mano de obra (primeras 8 hs) | B19: 4 | C19: $/hora
A20: Horas extra | B20: 6 | C20: $/hora
A21: Jornada laboral | B21: 8 | C21: hs
A23: CALCULOS PRIMARIOS
B24: Enero | C24: Febrero | D24: Marzo | E24: Abril | F24: Mayo | G24: Junio | H24: Total | I24: Debemos realizar este calculo siempre para los demas planes
A25: Inventario Inicial | B25: =B8 -> 400 | C25: =B29 -> 450 | D25: =C29 -> 375 | E25: =D29 -> 275 | F25: =E29 -> 225 | G25: =F29 -> 275 | H25: =SUM(B25:G25) -> 2000
A26: Demanda prevista | B26: =B4 -> 1800 | C26: =C4 -> 1500 | D26: =D4 -> 1100 | E26: =E4 -> 900 | F26: =F4 -> 1100 | G26: =G4 -> 1600 | H26: =SUM(B26:G26) -> 8000
A27: Stock de seguridad | B27: =B26*$B$9 -> 450 | C27: =C26*$B$9 -> 375 | D27: =D26*$B$9 -> 275 | E27: =E26*$B$9 -> 225 | F27: =F26*$B$9 -> 275 | G27: =G26*$B$9 -> 400 | H27: =SUM(B27:G27) -> 2000
A28: Producción requerida | B28: =B26+B27-B25 -> 1850 | C28: =C26+C27-C25 -> 1425 | D28: =D26+D27-D25 -> 1000 | E28: =E26+E27-E25 -> 850 | F28: =F26+F27-F25 -> 1150 | G28: =G26+G27-G25 -> 1725 | H28: =SUM(B28:G28) -> 8000
A29: Inventario final | B29: =B28-B26+B25 -> 450 | C29: =C28-C26+C25 -> 375 | D29: =D28-D26+D25 -> 275 | E29: =E28-E26+E25 -> 225 | F29: =F28-F26+F25 -> 275 | G29: =G28-G26+G25 -> 400 | H29: =SUM(B29:G29) -> 2000

Sheet Plan 1
A1: Plan1: Producción Exacta, mano de obra variable
B2: Enero | C2: Febrero | D2: Marzo | E2: Abril | F2: Mayo | G2: Junio | H2: Total
A3: a)Producción exacta | B3: =+Datos!B28 -> 1850 | C3: =+Datos!C28 -> 1425 | D3: =+Datos!D28 -> 1000 | E3: =+Datos!E28 -> 850 | F3: =+Datos!F28 -> 1150 | G3: =+Datos!G28 -> 1725 | I3: cargar la produccion requerida
A4: b)Horas de producción (a x hs/un) | B4: =B3*Datos!$B$18 -> 9250 | C4: =C3*Datos!$B$18 -> 7125 | D4: =D3*Datos!$B$18 -> 5000 | E4: =E3*Datos!$B$18 -> 4250 | F4: =F3*Datos!$B$18 -> 5750 | G4: =G3*Datos!$B$18 -> 8625
A5: c)Días laborables por mes | B5: =Datos!B5 -> 22 | C5: =Datos!C5 -> 19 | D5: =Datos!D5 -> 21 | E5: =Datos!E5 -> 21 | F5: =Datos!F5 -> 22 | G5: =Datos!G5 -> 20
A6: d)Horas por mes por trabajador (c x 8hs/día) | B6: =B5*Datos!$B$21 -> 176 | C6: =C5*Datos!$B$21 -> 152 | D6: =D5*Datos!$B$21 -> 168 | E6: =E5*Datos!$B$21 -> 168 | F6: =F5*Datos!$B$21 -> 176 | G6: =G5*Datos!$B$21 -> 160
A7: e)Trabajadores necesarios (b/d) | B7: =ROUNDUP(B4/B6,0) -> 53 | C7: =ROUNDUP(C4/C6,0) -> 47 | D7: =ROUNDUP(D4/D6,0) -> 30 | E7: =ROUNDUP(E4/E6,0) -> 26 | F7: =ROUNDUP(F4/F6,0) -> 33 | G7: =ROUNDUP(G4/G6,0) -> 54
A8: f)Nro de trabajadores contratados | B8: =B7 -> 53 | C8: =IF((C7-B7)>0,C7-B7,0) -> 0 | D8: =IF((D7-C7)>0,D7-C7,0) -> 0 | E8: =IF((E7-D7)>0,E7-D7,0) -> 0 | F8: =IF((F7-E7)>0,F7-E7,0) -> 7 | G8: =IF((G7-F7)>0,G7-F7,0) -> 21
A9: g)Costos de contratación | B9: =B8*Datos!$B$16 -> 10600 | C9: ='Plan 1'!C8*Datos!$B$16 -> 0 | D9: ='Plan 1'!D8*Datos!$B$16 -> 0 | E9: ='Plan 1'!E8*Datos!$B$16 -> 0 | F9: ='Plan 1'!F8*Datos!$B$16 -> 1400 | G9: ='Plan 1'!G8*Datos!$B$16 -> 4200 | H9: =SUM(B9:G9) -> 16200
A10: h)Trabajadores despedidos | B10: 0 | C10: =IF((C7-B7)<0,B7-C7,0) -> 6 | D10: =IF((D7-C7)<0,C7-D7,0) -> 17 | E10: =IF((E7-D7)<0,D7-E7,0) -> 4 | F10: =IF((F7-E7)<0,E7-F7,0) -> 0 | G10: =IF((G7-F7)<0,F7-G7,0) -> 0
A11: i)Costo de despido | B11: 0 | C11: =C10*Datos!$B$17 -> 1500 | D11: =D10*Datos!$B$17 -> 4250 | E11: =E10*Datos!$B$17 -> 1000 | F11: =F10*Datos!$B$17 -> 0 | G11: =G10*Datos!$B$17 -> 0 | H11: =SUM(B11:G11) -> 6750
A12: j)Costo de mano de obra (b x ) | B12: =B4*Datos!$B$19 -> 37000 | C12: =C4*Datos!$B$19 -> 28500 | D12: =D4*Datos!$B$19 -> 20000 | E12: =E4*Datos!$B$19 -> 17000 | F12: =F4*Datos!$B$19 -> 23000 | G12: =G4*Datos!$B$19 -> 34500 | H12: =SUM(B12:G12) -> 160000
E13: COSTO TOTAL | H13: =SUM(H3:H12) -> 182950
A23: |

Sheet Plan 2
A1: Plan2: Mano de obra constante, inventario y rotura de stock variables
B2: Enero | C2: Febrero | D2: Marzo | E2: Abril | F2: Mayo | G2: Junio | H2: Total
A3: a)Inventario inicial | B3: =Datos!B25 -> 400 | C3: =B8 -> 8 | D3: =C8 -> -276 | E3: =D8 -> -32 | F3: =E8 -> 412 | G3: =F8 -> 720
A4: b) Días laborables por mes | B4: =Datos!B5 -> 22 | C4: =Datos!C5 -> 19 | D4: =Datos!D5 -> 21 | E4: =Datos!E5 -> 21 | F4: =Datos!F5 -> 22 | G4: =Datos!G5 -> 20
A5: c)Horas de producción disponibles | B5: =B4*Datos!$B$21*$B$16 -> 7040 | C5: =C4*Datos!$B$21*$B$16 -> 6080 | D5: =D4*Datos!$B$21*$B$16 -> 6720 | E5: =E4*Datos!$B$21*$B$16 -> 6720 | F5: =F4*Datos!$B$21*$B$16 -> 7040 | G5: =G4*Datos!$B$21*$B$16 -> 6400
A6: d)Producción actual | B6: =B5/Datos!$B$18 -> 1408 | C6: =C5/Datos!$B$18 -> 1216 | D6: =D5/Datos!$B$18 -> 1344 | E6: =E5/Datos!$B$18 -> 1344 | F6: =F5/Datos!$B$18 -> 1408 | G6: =G5/Datos!$B$18 -> 1280
A7: e)Demanda prevista | B7: =Datos!B26 -> 1800 | C7: =Datos!C26 -> 1500 | D7: =Datos!D26 -> 1100 | E7: =Datos!E26 -> 900 | F7: =Datos!F26 -> 1100 | G7: =Datos!G26 -> 1600
A8: f)Inventario final (a +d-e) | B8: =B3+B6-B7 -> 8 | C8: =C3+C6-C7 -> -276 | D8: =D3+D6-D7 -> -32 | E8: =E3+E6-E7 -> 412 | F8: =F3+F6-F7 -> 720 | G8: =G3+G6-G7 -> 400
A9: g)Costo de rotura de stock | B9: =IF(B8<0,B8*(-1)*Datos!$B$14,0) -> 0 | C9: =IF(C8<0,C8*(-1)*Datos!$B$14,0) -> 1380 | D9: =IF(D8<0,D8*(-1)*Datos!$B$14,0) -> 160 | E9: =IF(E8<0,E8*(-1)*Datos!$B$14,0) -> 0 | F9: =IF(F8<0,F8*(-1)*Datos!$B$14,0) -> 0 | G9: =IF(G8<0,G8*(-1)*Datos!$B$14,0) -> 0 | H9: =SUM(B9:G9) -> 1540
A10: h)Stock de seguridad | B10: =Datos!B27 -> 450 | C10: =Datos!C27 -> 375 | D10: =Datos!D27 -> 275 | E10: =Datos!E27 -> 225 | F10: =Datos!F27 -> 275 | G10: =Datos!G27 -> 400
A11: i)Unidades excedidas | B11: =IF(B8-B10<0,0,B8-B10) -> 0 | C11: =IF(C8-C10<0,0,C8-C10) -> 0 | D11: =IF(D8-D10<0,0,D8-D10) -> 0 | E11: =IF(E8-E10<0,0,E8-E10) -> 187 | F11: =IF(F8-F10<0,0,F8-F10) -> 445 | G11: =IF(G8-G10<0,0,G8-G10) -> 0
A12: j)Costo de inventario | B12: =B11*Datos!$B$13 -> 0 | C12: =C11*Datos!$B$13 -> 0 | D12: =D11*Datos!$B$13 -> 0 | E12: =E11*Datos!$B$13 -> 280.5 | F12: =F11*Datos!$B$13 -> 667.5 | G12: =G11*Datos!$B$13 -> 0 | H12: =SUM(B12:G12) -> 948
A13: k)Costo de tiempo normal | B13: =B5*Datos!$B$19 -> 28160 | C13: =C5*Datos!$B$19 -> 24320 | D13: =D5*Datos!$B$19 -> 26880 | E13: =E5*Datos!$B$19 -> 26880 | F13: =F5*Datos!$B$19 -> 28160 | G13: =G5*Datos!$B$19 -> 25600 | H13: =SUM(B13:G13) -> 160000
E14: COSTO TOTAL | H14: =SUM(H3:H13) -> 162488
A16: Cant. De trabajadores (Total Unid*Hs/un)/(Total días*hs/día) | B16: =(Datos!H4*Datos!B18)/(Datos!H5*Datos!B21) -> 40

Sheet Plan 3
A1: Plan3: Fuerza de trabajo constante, subcontratar
B2: Enero | C2: Febrero | D2: Marzo | E2: Abril | F2: Mayo | G2: Junio | H2: Total
A3: a)Producción requerida | B3: =Datos!B28 -> 1850 | C3: =Datos!C28 -> 1425 | D3: =Datos!D28 -> 1000 | E3: =Datos!E28 -> 850 | F3: =Datos!F28 -> 1150 | G3: =Datos!G28 -> 1725
A4: b) Días laborables por mes | B4: =Datos!B5 -> 22 | C4: =Datos!C5 -> 19 | D4: =Datos!D5 -> 21 | E4: =Datos!E5 -> 21 | F4: =Datos!F5 -> 22 | G4: =Datos!G5 -> 20
A5: c)Horas de producción disponibles | B5: =$B$13*Datos!$B$21*'Plan 3'!B4 -> 4400 | C5: =$B$13*Datos!$B$21*'Plan 3'!C4 -> 3800 | D5: =$B$13*Datos!$B$21*'Plan 3'!D4 -> 4200 | E5: =$B$13*Datos!$B$21*'Plan 3'!E4 -> 4200 | F5: =$B$13*Datos!$B$21*'Plan 3'!F4 -> 4400 | G5: =$B$13*Datos!$B$21*'Plan 3'!G4 -> 4000
A6: d)Producción actual | B6: =ROUNDDOWN(B5/Datos!$B$18,0) -> 880 | C6: =ROUNDDOWN(C5/Datos!$B$18,0) -> 760 | D6: =ROUNDDOWN(D5/Datos!$B$18,0) -> 840 | E6: =ROUNDDOWN(E5/Datos!$B$18,0) -> 840 | F6: =ROUNDDOWN(F5/Datos!$B$18,0) -> 880 | G6: =ROUNDDOWN(G5/Datos!$B$18,0) -> 800
A7: e)Unidades subcontratadas | B7: =IF(B3-B6<0,0,B3-B6) -> 970 | C7: =IF(C3-C6<0,0,C3-C6) -> 665 | D7: =IF(D3-D6<0,0,D3-D6) -> 160 | E7: =IF(E3-E6<0,0,E3-E6) -> 10 | F7: =IF(F3-F6<0,0,F3-F6) -> 270 | G7: =IF(G3-G6<0,0,G3-G6) -> 925
A8: f)Coto de subcontratación | B8: =B7*Datos!$B$15 -> 19400 | C8: =C7*Datos!$B$15 -> 13300 | D8: =D7*Datos!$B$15 -> 3200 | E8: =E7*Datos!$B$15 -> 200 | F8: =F7*Datos!$B$15 -> 5400 | G8: =G7*Datos!$B$15 -> 18500 | H8: =SUM(B8:G8) -> 60000
A9: g)Costo de tiempo normal | B9: =B5*Datos!$B$19 -> 17600 | C9: =C5*Datos!$B$19 -> 15200 | D9: =D5*Datos!$B$19 -> 16800 | E9: =E5*Datos!$B$19 -> 16800 | F9: =F5*Datos!$B$19 -> 17600 | G9: =G5*Datos!$B$19 -> 16000 | H9: =SUM(B9:G9) -> 100000
E10: COSTO TOTAL | H10: =SUM(H8:H9) -> 160000
A12: Cant. De trabajadores (Mín prod req*hs/un)/(Días del mes*hs/día) | B12: =(E3*Datos!B18)/(E4*Datos!B21) -> 25.297619
A13: Cant. De trabajadores (redondeado) | B13: 25 | C13: (el Costo Total es menor con 25 que con 26)

Sheet Plan 4
A1: Plan 4: Fuerza laboral constante, horas extra
B2: Enero | C2: Febrero | D2: Marzo | E2: Abril | F2: Mayo | G2: Junio | H2: Total
A3: a)Inventario inicial | B3: =Datos!B25 -> 400 | C3: =IF(B8<0,0,B8) -> 8 | D3: =IF(C8<0,0,C8) -> 0 | E3: =IF(D8<0,0,D8) -> 244 | F3: =IF(E8<0,0,E8) -> 688 | G3: =IF(F8<0,0,F8) -> 996
A4: b) Días laborables por mes | B4: =Datos!B5 -> 22 | C4: =Datos!C5 -> 19 | D4: =Datos!D5 -> 21 | E4: =Datos!E5 -> 21 | F4: =Datos!F5 -> 22 | G4: =Datos!G5 -> 20
A5: c)Horas de producción disponibles | B5: =$B$18*B4*Datos!$B$21 -> 7040 | C5: =$B$18*C4*Datos!$B$21 -> 6080 | D5: =$B$18*D4*Datos!$B$21 -> 6720 | E5: =$B$18*E4*Datos!$B$21 -> 6720 | F5: =$B$18*F4*Datos!$B$21 -> 7040 | G5: =$B$18*G4*Datos!$B$21 -> 6400
A6: d)Turno regular producción (prod.actual) | B6: =B5/Datos!$B$18 -> 1408 | C6: =C5/Datos!$B$18 -> 1216 | D6: =D5/Datos!$B$18 -> 1344 | E6: =E5/Datos!$B$18 -> 1344 | F6: =F5/Datos!$B$18 -> 1408 | G6: =G5/Datos!$B$18 -> 1280
A7: e)Demanda prevista | B7: =Datos!B4 -> 1800 | C7: =Datos!C4 -> 1500 | D7: =Datos!D4 -> 1100 | E7: =Datos!E4 -> 900 | F7: =Datos!F4 -> 1100 | G7: =Datos!G4 -> 1600
A8: f)Unidades disponibles antes de horas extras | B8: =B3+B6-B7 -> 8 | C8: =C3+C6-C7 -> -276 | D8: =D3+D6-D7 -> 244 | E8: =E3+E6-E7 -> 688 | F8: =F3+F6-F7 -> 996 | G8: =G3+G6-G7 -> 676
A9: g)Unidades horas extras | B9: =IF(B8<0,-B8,0) -> 0 | C9: =IF(C8<0,-C8,0) -> 276 | D9: =IF(D8<0,-D8,0) -> 0 | E9: =IF(E8<0,-E8,0) -> 0 | F9: =IF(F8<0,-F8,0) -> 0 | G9: =IF(G8<0,-G8,0) -> 0
A10: h) Costo de horas extras | B10: =B9*Datos!$B$20*Datos!$B$18 -> 0 | C10: =C9*Datos!$B$20*Datos!$B$18 -> 8280 | D10: =D9*Datos!$B$20*Datos!$B$18 -> 0 | E10: =E9*Datos!$B$20*Datos!$B$18 -> 0 | F10: =F9*Datos!$B$20*Datos!$B$18 -> 0 | G10: =G9*Datos!$B$20*Datos!$B$18 -> 0 | H10: =SUM(B10:G10) -> 8280
A11: i) Stock de seguridad | B11: =Datos!B27 -> 450 | C11: =Datos!C27 -> 375 | D11: =Datos!D27 -> 275 | E11: =Datos!E27 -> 225 | F11: =Datos!F27 -> 275 | G11: =Datos!G27 -> 400
A12: j) Unidades excedidas | B12: =IF(B8-B11<0,0,B8-B11) -> 0 | C12: =IF(C8-C11<0,0,C8-C11) -> 0 | D12: =IF(D8-D11<0,0,D8-D11) -> 0 | E12: =IF(E8-E11<0,0,E8-E11) -> 463 | F12: =IF(F8-F11<0,0,F8-F11) -> 721 | G12: =IF(G8-G11<0,0,G8-G11) -> 276
A13: k) Costo de inventario | B13: =B12*Datos!$B$13 -> 0 | C13: =C12*Datos!$B$13 -> 0 | D13: =D12*Datos!$B$13 -> 0 | E13: =E12*Datos!$B$13 -> 694.5 | F13: =F12*Datos!$B$13 -> 1081.5 | G13: =G12*Datos!$B$13 -> 414 | H13: =SUM(B13:G13) -> 2190
A14: l) Costo de tiempo normal | B14: =B5*Datos!$B$19 -> 28160 | C14: =C5*Datos!$B$19 -> 24320 | D14: =D5*Datos!$B$19 -> 26880 | E14: =E5*Datos!$B$19 -> 26880 | F14: =F5*Datos!$B$19 -> 28160 | G14: =G5*Datos!$B$19 -> 25600 | H14: =SUM(B14:G14) -> 160000
E15: COSTO TOTAL | H15: =SUM(H3:H14) -> 170470
A18: Cant. De trabajadores (Total Unid*Hs/un)/(Total días*hs/día) | B18: =(Datos!H4*Datos!B18)/(Datos!H5*Datos!B21) -> 40
